name,city,state,address,pincode,lat,lng,url,description,categories,tags
Nongwah Nook,Hubballi,Meghalaya,"Nongwah Village, East Khasi Hills, Māwsynrām",793113,25.2973,91.5827,https://projectdefy.org,A self-designed learning centre for remote agricultural and fruit-farming communities.,Education,"project-defy, rural, free-entry"
Sathanur Nook,Hubballi,Karnataka,"Sathanur, Ramanagara District",562126,12.4478,77.3171,https://projectdefy.org,A rural makerspace focused on experiential learning and vocational tinkering.,Makerspace,"project-defy, rural, free-entry"
Wahlyngkhat Nook,Hubballi,Meghalaya,"Wahlyngkhat, East Khasi Hills",793110,25.3097,91.9036,https://projectdefy.org,"A community-led hub for creative projects, science, and traditional crafts.",Education,"project-defy, rural, craft, free-entry"
Kashewadi Nook,Hubballi,Maharashtra,"Kashewadi, Pune",,18.5058,73.8706,https://projectdefy.org,Provides urban youth in marginalized areas a space for creative making.,Makerspace,"project-defy, youth, social-justice"
Katchipedu Nook,Hubballi,Tamil Nadu,"Katchipedu, Sriperumbudur",602105,12.9571,79.9473,https://projectdefy.org,A hub for technical tinkering and project building in a peri-urban context.,Makerspace,"project-defy, rural"
Loktantrashala - School For Democracy,Hubballi,Rajasthan,Rajsamand District,305921,25.737,74.0771,https://fln.org.in,"A centre for democratic learning and constitutional literacy for rural citizens, providing political and social education for villagers.",Education,"rural, social-justice, free-entry"
1Shanthiroad Studio,Hubballi,Karnataka,"1, Shanthiroad, Shanthinagar, Shanti Nagar, Bengaluru",560027,12.9606,77.5949,http://1shanthiroad.com,"An alternative art space providing residencies, mentorship, and workshops.",Arts,residency
Conflictorium,Hubballi,Gujarat,"Gool Lodge, Mirzapur, Bhadra, Ahmedabad",380001,23.0325,72.5837,http://www.conflictorium.org,A participatory museum addressing conflict and empathy through art and archives.,Museum,"social-justice, heritage-building"
Khoj International Artists' Association,Hubballi,Delhi,"S-17, Khirkee Extension, Malviya Nagar, New Delhi",110017,28.5324,77.2215,https://khojstudios.org,"An autonomous non-profit contemporary arts organisation supporting experimental, interdisciplinary, and socially engaged art. The building includes exhibition spaces, studios, library, media lab, café, and terrace.",Arts,"residency, cafe, studios"
Sunaparanta Goa Centre for the Arts,Hubballi,Goa,"63/C-8, Near Army House, Altinho, Panaji",403001,15.4905,73.8272,https://www.sgcfa.org,"A non-profit arts initiative with galleries, workshops, lectures, library, amphitheatre, and support for art students and exchange.",Arts,"outdoor-venue, free-entry"
Sarmaya Arts,Hubballi,Maharashtra,"Fort, Mumbai",,18.9345,72.8371,https://sarmaya.in,A repository of South Asian art and living traditions focused on education.,Arts,
Method Gallery,Hubballi,Maharashtra,"Kala Ghoda, Fort, Mumbai",400001,18.9307,72.8331,https://the-method.in,"An art space hosting storytelling, poetry nights, and community dinners.",Arts,literature
Underline Centre,Hubballi,Karnataka,"Jayanagar, Bengaluru",,12.9308,77.5839,https://theunderline.in,"A multidisciplinary space for writing labs, poetry circles, and creative labs.",Arts,literature
Atta Galatta,Hubballi,Karnataka,"Indiranagar, Bengaluru",,12.9784,77.6408,https://attagalatta.com,"A bookstore-turned-cultural-hub for literature, poetry, and theatre workshops.",Library,literature
Pepper House,Hubballi,Kerala,Fort Kochi,,9.9658,76.2421,https://pepperhouse.org,"A heritage waterfront cultural complex with studios, café, gallery, art library, residency, and exhibition space.",Arts,"heritage-building, residency, cafe, studios"
David Hall,Hubballi,Kerala,"Parade Ground, Fort Kochi",682001,9.9649,76.2405,https://kochimuzirisbiennale.org,A restored bungalow hosting contemporary art and cultural performances.,Arts,heritage-building
The Community Library Project,Hubballi,Delhi,"Multiple locations (Sikanderpur, Khirki), New Delhi",,28.6139,77.2088,https://tclp.org,"A free, community-led library movement serving the urban and rural poor.",Library,"free-entry, social-justice"
Bansa Community Library,Hubballi,Uttar Pradesh,"Bansa Village, Hardoi District",,27.0845,80.2154,https://fln.org.in,A rural library providing educational resources and a safe gathering space for villagers.,Library,"rural, free-entry"
Akam Foundation,Hubballi,Assam,Multiple locations in Assam,,26.2006,92.9376,https://fln.org.in,Focuses on capacity building and literacy in rural Assamese communities.,Library,rural
LECIN,Hubballi,Delhi,"Various communities, New Delhi",,28.6139,77.2088,https://lecinindia.org,A library initiative focused on early childhood education and grassroots literacy.,"Education, Library","children, free-entry"
Share A Book India,Hubballi,Delhi,Pan-India,,28.6565,77.2333,https://shareabookindia.org,A foundation that sets up libraries in government schools and remote areas.,Library,"rural, children, free-entry"
Adhvan,Hubballi,Maharashtra,"Childcare Institutions, Godrej Hillside Colony, Vikhroli West, Mumbai",400079,19.1112,72.9233,https://fln.org.in,Creates libraries and spaces for expression for young people in institutions.,Library,"youth, social-justice"
Rafooghar,Hubballi,Delhi,"Shaheen Bagh, Jamia Nagar, Okhla, New Delhi",110025,28.5444,77.3018,https://ficart.org,A community space for marginalized women to gather and share stories through art.,Arts,"women, social-justice"
Makers Asylum,Hubballi,Goa,"House No 661, Mapusa-Moira Road, Moide",403507,15.5945,73.8394,https://makersasylum.com,"A globally recognized community makerspace and learning hub for innovation, prototyping, STEAM, and sustainable design. Artists, designers, engineers, and hobbyists build and share knowledge.",Makerspace,"sustainability, coworking"
Vigyan Ashram,Hubballi,Maharashtra,"Pabal, Pune District",412403,18.8308,74.052,https://vigyanashram.com,"A pioneer in rural innovation, focusing on engineering, energy, and agri-tech.",Makerspace,"rural, sustainability, stem"
THE Workshop,Hubballi,Karnataka,"HAL 2nd Stage, Indiranagar, Bengaluru",,12.9673,77.6433,https://the-workshop.in,A cross-disciplinary design research space for collaborative project-making.,Makerspace,
Fab Lab Kerala - Kochi,Hubballi,Kerala,"Integrated Startup Complex, Kinfra Hi-Tech Park, Kalamassery, Kochi",683503,10.0555,76.3547,https://fablabkerala.in,"Kerala Startup Mission fablab for advanced digital fabrication, prototyping, and entrepreneurship.",Makerspace,"fablab, government"
Workbench Projects,Hubballi,Karnataka,"Halasuru Metro Station, Gupta Layout, Bengaluru",560008,12.9764,77.6267,https://workbenchprojects.com,A co-working and prototyping space focused on hardware and public engineering.,Makerspace,coworking
Collab House,Hubballi,Telangana,"Jubilee Hills, Hyderabad",,17.4326,78.4071,https://collab.house,"Blurs the lines between a makerspace, co-working, and community hub.",Makerspace,coworking
IKP-EDEN,Hubballi,Karnataka,"Koramangala, Bengaluru",,12.9352,77.6245,https://ikpeden.com,A hardware incubator and makerspace focusing on medical devices and engineering.,Innovation Hub,
MakersBox,Hubballi,Delhi,"Multiple locations (Noida, Karnal)",,28.6139,77.2088,https://makersbox.in,Provides tools and mentorship for hands-on learning in STEM for all ages.,Makerspace,"stem, children"
FabLab CEPT,Hubballi,Gujarat,"FabLab CEPT, Workshop, CEPT University, University Road, Navrangpura, Ahmedabad",380009,23.0377,72.5497,https://fablab.cept.ac.in,"A digital fabrication lab hosted by CEPT that allows users to work for free if they bring materials. Serves makers, researchers, and creative thinkers.",Makerspace,"fablab, free-entry"
Heramb Maker Lab,Hubballi,Maharashtra,"Various locations, Mumbai",,18.9582,72.8321,https://herambmakerlab.com,A budget-friendly makerspace providing student-level access to 3D printers.,Makerspace,youth
National Science Centre,Hubballi,Delhi,"Pragati Maidan, Bhairon Road, New Delhi",,28.6123,77.2466,https://nscdelhi.org,A premier national science centre featuring an Innovation Hub and major galleries.,Science,"ncsm, government, stem"
Science Gallery Bengaluru,Hubballi,Karnataka,"10–11, Bellary Road, Sanjaynagar, Dena Bank Colony, Bengaluru",560024,13.0205,77.5842,https://bengaluru.sciencegallery.com,"A free-entry public gallery where science, art, and research meet through exhibitions, mediation, and programmes.","Science, Arts","free-entry, stem"
Nehru Science Centre,Hubballi,Maharashtra,"Dr. E. Moses Road, Worli, रॉयल वेस्टर्न इंडिया टर्फ क्लब, Mumbai",400034,18.9803,72.8165,https://nehrusciencecentre.gov.in,India's largest interactive science centre with over 500 hands-on exhibits.,Science,"ncsm, government, stem"
Visvesvaraya Industrial and Technological Museum,Hubballi,Karnataka,"Kasturba Road, Bengaluru",560001,12.9719,77.5937,https://vismuseum.gov.in,A landmark national centre focused on industrial history and modern technological innovation.,"Science, Museum","ncsm, government, stem"
Birla Industrial & Technological Museum,Hubballi,West Bengal,"19A, Gurusaday Road, Beck Bagan, Kolkata",700019,22.5352,88.3636,https://bitm.gov.in,"The first science museum in India, featuring a specialized Innovation Hub.","Science, Museum","ncsm, government, stem"
Regional Science City,Hubballi,Uttar Pradesh,"Aliganj, Lucknow",,26.8984,80.9491,https://ncsm.gov.in,An expansive science park and innovation hub serving Northern India.,Science,"ncsm, government, stem"
Pushpa Gujral Science City,Hubballi,Punjab,Jalandhar-Kapurthala Road,,31.3702,75.4068,https://pgsciencecity.org,"A massive science complex covering biotechnology, robotics, and space exploration.",Science,"ncsm, government, stem"
Vikram A Sarabhai Community Science Centre,Hubballi,Gujarat,"Navrangpura, Ahmedabad",,23.0365,72.5611,https://vascsc.org,A community science centre promoting scientific temper among students and the public.,Science,"stem, free-entry"
Manaskhand Science Centre,Hubballi,Uttarakhand,"Syunrakot, Sunara Kot, Almora",263601,29.6885,79.6663,https://ncsm.gov.in,A centre focusing on the ecology and science of the Himalayan region.,Science,"ncsm, government"
Goa Science Centre,Hubballi,Goa,"Marine Drive, Miramar, Panaji",403001,15.4964,73.8178,https://sciencecentregoa.org,Focuses on oceanography and environmental sciences relevant to the coastal region.,Science,"ncsm, government"
Regional Science Centre,Hubballi,Assam,"Jawaharnagar, Khanapara, Jawahar Nagar, Guwahati",781022,26.1179,91.821,https://rscguwahati.gov.in,The primary science education hub for the North Eastern states.,Science,"ncsm, government, stem"
Raman Science Centre & Planetarium,Hubballi,Maharashtra,"Opp. Gandhi Sagar, Nagpur",,21.1477,79.1003,https://nehrusciencecentre.gov.in,Focused on promoting scientific literacy in Central India through interactive exhibits.,Science,"ncsm, government, planetarium"
Nagaland Science Centre,Hubballi,Nagaland,"Behind Super Market, Half Nagarjan, Dimapur",797112,25.9061,93.7386,https://ncsm.gov.in,A key centre for the promotion of science and technology in Nagaland.,Science,"ncsm, government"
Sikkim Science Centre,Hubballi,Sikkim,"Marchak, East Sikkim",737101,27.284,88.5931,https://ncsm.gov.in,Focuses on high-altitude ecology and physical sciences for the Himalayas.,Science,"ncsm, government"
Pilikula Science Centre,Hubballi,Karnataka,"Vamanjoor, Mangaluru",,12.919,74.9033,https://ncsm.gov.in,"Integrated within a biological park, focusing on biodiversity and physical science.",Science,"ncsm, government"
Science City,Hubballi,West Bengal,"JBS Haldane Avenue, Kolkata",,22.5413,88.3841,https://sciencecitykolkata.org.in,Major public science centre in the NCSM network with exhibitions and science-learning programming.,Science,"ncsm, government, stem"
ShriKrishna Science Centre,Hubballi,Bihar,Patna,,25.5941,85.1376,https://sksciencecentre.org,Public science centre in the NCSM network.,Science,"ncsm, government"
North Bengal Science Centre,Hubballi,West Bengal,Siliguri,,26.7271,88.3953,https://nbscsiliguri.org,Regional public science centre under NCSM.,Science,"ncsm, government"
Bardhaman Science Centre,Hubballi,West Bengal,Bardhaman,,23.2333,87.8646,https://bardhamansciencecentre.org,District-level public science centre in the NCSM network.,Science,"ncsm, government"
District Science Centre Purulia,Hubballi,West Bengal,Purulia,,23.2483,86.4997,https://dscpurulia.org,Public science centre serving local learning and exhibition functions.,Science,"ncsm, government"
Digha Science Centre,Hubballi,West Bengal,Digha,,21.6222,87.5066,https://dighasciencecentre.org,Coastal public science centre in the NCSM network.,Science,"ncsm, government"
Central Research and Training Laboratory,Hubballi,West Bengal,Kolkata,,22.5744,88.3629,https://crtl.in,"NCSM's research and training hub; more institutional than public, but part of the national science-centre ecosystem.",Science,"ncsm, government, institutional"
Regional Science Centre,Hubballi,Odisha,Bhubaneswar,,20.296,85.8246,https://rscbhubaneswar.org,Public science centre under NCSM.,Science,"ncsm, government"
Dhenkanal Science Centre & Kapilas Science Park,Hubballi,Odisha,Dhenkanal,,20.6584,85.5965,https://dhenkanalsciencecentre.org,"Public science-learning centre in the NCSM system, with the adjoining Kapilas Science Park.",Science,"ncsm, government"
Regional Science Centre,Hubballi,Madhya Pradesh,Bhopal,,23.2599,77.4126,https://rscbhopal.gov.in,Regional public science centre under NCSM.,Science,"ncsm, government"
District Science Centre Dharampur,Hubballi,Gujarat,Dharampur,396050,20.5436,73.1821,https://dscdharampur.org.in,District science centre in the NCSM network.,Science,"ncsm, government"
Kurukshetra Panorama and Science Centre,Hubballi,Haryana,Kurukshetra,,29.9695,76.8783,https://kpsc.nscd.gov.in,Panorama-plus-science centre combining heritage interpretation and science education.,Science,"ncsm, government"
Palampur Science Centre,Hubballi,Himachal Pradesh,Palampur,,32.1109,76.5363,https://nscd.gov.in,Public science centre in Himachal Pradesh within the NCSM system.,Science,"ncsm, government"
Regional Science Centre,Hubballi,Andhra Pradesh,Tirupati,,13.6288,79.4192,https://rsctirupati.org.in,Regional science centre serving the wider region.,Science,"ncsm, government"
District Science Centre,Hubballi,Karnataka,Kalaburagi,,17.3297,76.8343,https://sciencecentrekalaburagi.org.in,District science centre in Karnataka under NCSM.,Science,"ncsm, government"
District Science Centre,Hubballi,Tamil Nadu,Tirunelveli,,8.715,77.7656,https://dsctirunelveli.org.in,Public district science centre in south Tamil Nadu.,Science,"ncsm, government"
Regional Science Centre & Planetarium,Hubballi,Kerala,Kozhikode,,11.2488,75.7839,https://rscpcalicut.edu.in,Regional science centre and planetarium under NCSM.,Science,"ncsm, government, planetarium"
"Innovation Hub, Periyar Science & Technology Centre",Hubballi,Tamil Nadu,"Periyar Science and Technology Centre, Surya Nagar, Kotturpuram, Chennai",600025,13.0127,80.2438,https://tnstc.gov.in,"Public innovation hub inside the Tamil Nadu Science and Technology Centre network, focused on hands-on problem solving and science learning.",Science,"government, stem"
ParSEC Jayanagar,Hubballi,Karnataka,"4, 31st Cross, 16th Main, 4th Block, Jayanagar, Bengaluru",560011,12.9278,77.5909,https://paramfoundation.org,"Immersive science gallery and living lab for hands-on learning, exhibits, workshops, and public engagement.",Science,stem
T-Works,Hubballi,Telangana,"Plot 1/D, 1/E, 1/F, Survey No. 83/1, Raidurgam, Ranga Reddy District, Bhagyalaxmi Nagar, Hyderabad",500081,17.4363,78.3783,https://tworks.telangana.gov.in,"Government-backed open-for-all prototyping centre designed to reduce barriers to hardware building and support innovators, students, startups, and makers.",Makerspace,government
T-Hub,Hubballi,Telangana,"Plot No 1/C, Sy No 83/1, Raidurgam Panmaktha, Hyderabad Knowledge City, Serilingampally, Prashant Hills",500081,17.4214,78.3814,https://t-hub.co,"Large innovation hub for startups, open innovation, community events, and entrepreneurial ecosystem building.",Innovation Hub,
Samagata Space,Hubballi,Karnataka,"4th Floor, Cobalt Building (above Church Street Social), Shanthala Nagar, Bengaluru",560001,12.9756,77.6027,https://samagata.org/space,"Non-profit community venue for meetups, workshops, and cross-disciplinary conversations spanning social sector, academia, science, arts, technology, and culture.",Community,free-entry
Bangalore International Centre (BIC),Hubballi,Karnataka,"7, 4th Main Road, Domlur II Stage, Saraswathipura, Bengaluru",560071,13.0095,77.5398,https://bangaloreinternationalcentre.org,"Non-profit public institution for dialogue, culture, talks, screenings, and performances; many programmes are free and open to non-members.",Community,"free-entry, film"
Jaaga,Hubballi,Karnataka,Bengaluru,,12.9629,77.5775,https://jaaga.in,"Collaborative community platform working across arts research, public arts, tech-arts, and urban/community issues.","Arts, Innovation Hub",
Bangalore Makespace,Hubballi,Karnataka,"Bengaluru, Karnataka (pop-up / distributed model)",,12.9629,77.5775,https://bangaloremakespace.org,"Community of makers running open workshops and activities around electronics, robotics, fabrication, and open-source creativity.",Makerspace,stem
Dhi Artspace,Hubballi,Telangana,"7-1-54/2/C, Sri Guru Krupa, Near Kanya Gurukul School, Opp. Servo Towers, Dharam Karan Road, Ameerpet, Hyderabad",500016,17.4383,78.4518,https://dhiart.com,"Contemporary art space fostering exhibitions, discussion, mentorship, and cultural dialogue in Hyderabad.",Arts,
Dhi Contemporary,Hubballi,Telangana,"Bodhi House, Plot No 552, Road No 11, Kakatiya Hills, Madhapur, Hyderabad",500081,17.4475,78.3977,https://dhiart.com,"Sister initiative of Dhi Artspace focused on younger artistic talent through exhibitions, performances, screenings, and commissions.",Arts,"youth, film"
The Makerspace Initiative,Hubballi,Telangana,Hyderabad,,17.4065,78.4772,https://themakerspaceinitiative.com,Community-oriented makerspace initiative for learning and making.,Makerspace,
SPACE @ ICCI,Hubballi,Kerala,"ICCI, Chullickal, Kochi",682002,9.9467,76.2535,https://iccicochin.com/space,"Dedicated art, culture, and events platform created by ICCI as part of its culture-and-community focus.",Arts,
Chavara Cultural Centre,Hubballi,Kerala,Kochi,,9.9312,76.2673,https://chavaraculturalcentre.com,"Long-running cultural institution described as a secular space where art, faith, culture, and community come together.",Community,
Pune International Centre,Hubballi,Maharashtra,"SN 34/A, Behind C-DAC, Panchavati, Pashan, N.C.L, Pune",411008,18.5296,73.8126,https://puneinternationalcentre.org,"Public-facing centre for intellectual exchange, culture, dialogue, and interdisciplinary programming with auditorium, amphitheatre, library, and art gallery.",Community,outdoor-venue
Raah - A Literacy & Cultural Centre,Hubballi,Maharashtra,"Office No. 730, 7th/8th Floor, Marvel Vista, Above PNG Brothers, Lullanagar Junction, Pune",411040,18.4858,73.8885,https://raah.org.in,"Community platform for artistic and intellectual expression, literacy, events, and neighbourhood engagement.",Education,literature
IDAM - The Art & Cultural Space,Hubballi,Tamil Nadu,"7, Viswanathapuram 2nd Street, Kodambakkam, Viswanatha Puram, Chennai",600024,13.0482,80.2258,https://idamthespace.com,"Intimate art and cultural space for classes, workshops, performances, and community-oriented creative learning.",Arts,
Lila Arts Centre,Hubballi,Tamil Nadu,"5/6, Thirumalai Pillai Road, Satyamurthy Nagar, T. Nagar, Chennai",600017,13.0495,80.2403,https://lilaartscentre.com,"Performance space and studio for dance, music, theatre, classes, and shared practice.",Performing Arts,studios
IFBE,Hubballi,Maharashtra,"10–12, Calicut Road, Ballard Estate, Fort, Mumbai",400001,18.9354,72.8375,https://ifbe.space,"Repurposed ice-factory cultural centre for architecture, design, art, dialogue, and community-building.",Arts,heritage-building
India Habitat Centre,Hubballi,Delhi,"Lodhi Road, New Delhi",110003,28.5911,77.228,https://indiahabitat.org,"One of Delhi's major cultural hubs with regular programmes in music, theatre, film, talks, poetry, book launches, and exhibitions. Includes multiple performance venues such as the Stein Auditorium.","Arts, Performing Arts","film, literature, outdoor-venue"
India International Centre,Hubballi,Delhi,"40, Max Mueller Marg, Lodhi Gardens, New Delhi",110003,28.5924,77.2228,https://iicdelhi.in,"Premier cultural and intellectual institution where public lectures, seminars, conferences, and arts programmes are open to the wider city.","Culture, Library",membership-required
Kolkata Centre for Creativity,Hubballi,West Bengal,"777, Anandapur EM Bypass, Sector I, Kolkata",700107,22.5132,88.4028,https://kolkatacentreforcreativity.org,"Non-profit creativity centre with library, conservation lab, gallery store, talks, workshops, performances, and interdisciplinary arts programming.","Arts, Library",
TRI Art & Culture,Hubballi,West Bengal,"53/2/2 Hazra Road, Ballygunge, Kolkata",700019,22.5268,88.365,https://triartandculture.com,"Nonprofit multidisciplinary centre with free public galleries, performances, public programmes, and exhibitions spanning visual, performing, literary, and research practices.","Arts, Performing Arts",free-entry
Hutheesing Visual Art Centre,Hubballi,Gujarat,"Kasturbhai Lalbhai Campus, Navrangpura, Ahmedabad",380009,23.0377,72.5497,,Visual-arts venue used for exhibitions and artistic programming on the CEPT/KL campus.,Arts,
Goethe-Institut / Max Mueller Bhavan Bengaluru,Hubballi,Karnataka,"716, CMH Road, Indiranagar 1st Stage, Bengaluru",560038,12.9784,77.6446,https://goethe.de/bangalore,"Cultural institute with library, courses, screenings, exhibitions, workshops, and collaborations in art, science, and media.","Culture, Library","goethe-institut, film"
Goethe-Institut / Max Mueller Bhavan Chennai,Hubballi,Tamil Nadu,"No. 4, 5th Street, Rutland Gate, Thousand Lights West, Chennai",600006,13.0592,80.2521,https://goethe.de/chennai,"Cultural institute with library, courses, and programmes across film, new media, arts, theatre, dance, music, literature, and architecture.","Culture, Library","goethe-institut, film"
Goethe-Institut / Max Mueller Bhavan Mumbai,Hubballi,Maharashtra,"CSMVS, 159–161, Mahatma Gandhi Road, Fort, Kala Ghoda, Mumbai",400023,18.9269,72.8316,https://goethe.de/mumbai,"Cultural institute with gallery, library, courses, and interdisciplinary programmes in art, cinema, theatre, dance, and literature.","Culture, Library","goethe-institut, film"
Goethe-Institut / Max Mueller Bhavan New Delhi,Hubballi,Delhi,"3, Kasturba Gandhi Marg, Vakil Lane, New Delhi",110001,28.6239,77.2243,https://goethe.de/delhi,"Cultural institute with library, language programmes, and public cultural cooperation activities.","Culture, Library",goethe-institut
Goethe-Institut / Max Mueller Bhavan Kolkata,Hubballi,West Bengal,"Park Mansions, Gate 4, 57A, Park Street, Taltala, Kolkata",700016,22.5525,88.3533,https://goethe.de/kolkata,"Cultural institute with library, exhibitions, courses, and ongoing cultural exchange programming.","Culture, Library",goethe-institut
Goethe-Institut / Max Mueller Bhavan Pune,Hubballi,Maharashtra,Pune,,18.5246,73.8786,https://goethe.de/ins/in/en/sta/pun.html,"German cultural institute with library, courses, events, and cultural programming.","Culture, Library",goethe-institut
Alliance Française de Bombay,Hubballi,Maharashtra,Mumbai,,18.9582,72.8321,https://bombay.afindia.org,"Official French cultural centre in Mumbai with film screenings, classes, library/media resources, and cultural programming.","Culture, Library","alliance-francaise, film"
Alliance Française de Delhi,Hubballi,Delhi,"K.K. Birla Lane, 72, Lodi Estate, Lodhi Gardens, New Delhi",110003,28.5921,77.2225,https://afdelhi.org,"Indo-French cultural centre with screenings, performances, exhibitions, classes, and a long-standing public cultural programme.",Culture,"alliance-francaise, film"
Alliance Française d'Ahmedabad,Hubballi,Gujarat,"B/S Food Corporation of India, Himali Tower Lane, Manekbaug-Shyamal Road, Satellite, Ahmedabad",380015,23.0133,72.5308,https://ahmedabad.afindia.org,Official French cultural centre and language institute; part of the public-facing Alliance network in India.,"Culture, Library","alliance-francaise, film"
Alliance Française Baroda Branch,Hubballi,Gujarat,"Skip Floor-2, B Wing, Blue Diamond Complex, Behind Fatehgunj Petrol Pump, Vadodara",390002,22.3244,73.1888,https://ahmedabad.afindia.org,Vadodara branch of Alliance Française d'Ahmedabad; public cultural and language centre.,Culture,alliance-francaise
Alliance Française de Bhopal,Hubballi,Madhya Pradesh,Bhopal,,23.2599,77.4126,https://bhopal.afindia.org,"Non-profit French cultural centre with library, events, screenings, exhibitions, and cultural partnerships.","Culture, Library","alliance-francaise, film"
Alliance Française d'Indore,Hubballi,Madhya Pradesh,Indore,,22.7196,75.8577,https://bhopal.afindia.org,Branch of Alliance Française de Bhopal serving Indore with courses and cultural activities.,Culture,alliance-francaise
Alliance Française de Chandigarh,Hubballi,Chandigarh,,,30.7333,76.7794,https://afindia.org/about,Official Alliance Française centre in Chandigarh.,Culture,alliance-francaise
Alliance Française of Madras,Hubballi,Tamil Nadu,Chennai,,13.0843,80.2705,https://afindia.org/about,Official Alliance Française centre in Chennai.,Culture,alliance-francaise
Alliance Française de Goa,Hubballi,Goa,,,15.501,73.8294,https://afindia.org/about,Official Alliance Française centre in Goa.,Culture,alliance-francaise
Alliance Française d'Hyderabad,Hubballi,Telangana,Hyderabad,,17.4065,78.4772,https://afindia.org/about,Official Alliance Française centre in Hyderabad.,Culture,alliance-francaise
Alliance Française de Jaipur,Hubballi,Rajasthan,Jaipur,,26.9124,75.7873,https://afindia.org/about,Official Alliance Française centre in Jaipur.,Culture,alliance-francaise
Alliance Française Udaipur Branch,Hubballi,Rajasthan,Udaipur,,24.5854,73.7125,https://afindia.org/about,Branch of Alliance Française under the Jaipur centre.,Culture,alliance-francaise
Alliance Française du Bengale,Hubballi,West Bengal,Kolkata,,22.5744,88.3629,https://bengale.afindia.org,Official French cultural centre serving Kolkata and surrounding region.,"Culture, Library","alliance-francaise, film"
Alliance Française Bhubaneswar Branch,Hubballi,Odisha,Bhubaneswar,,20.296,85.8246,https://bengale.afindia.org,Branch of Alliance Française under the Bengale centre.,Culture,alliance-francaise
Alliance Française de Pondichéry,Hubballi,Puducherry,,,11.9416,79.8083,https://afindia.org/about,Official Alliance Française centre in Puducherry.,Culture,alliance-francaise
Alliance Française de Karikal,Hubballi,Puducherry,Karaikal,,10.9254,79.838,https://afindia.org/about,Official Alliance Française centre in Karaikal.,Culture,alliance-francaise
Alliance Française de Pune,Hubballi,Maharashtra,Pune,,18.5246,73.8786,https://afindia.org/about,Official Alliance Française centre in Pune.,Culture,alliance-francaise
Alliance Française de Trivandrum,Hubballi,Kerala,Thiruvananthapuram,,8.5241,76.9366,https://trivandrum.afindia.org,"Non-profit French cultural centre with regular screenings, concerts, exhibitions, and workshops.",Culture,"alliance-francaise, film"
Alliance Française Kochi Annex,Hubballi,Kerala,Kochi,,9.9312,76.2673,https://trivandrum.afindia.org,Annex centre under Alliance Française de Trivandrum.,Culture,alliance-francaise
Alliance Française de Bangalore,Hubballi,Karnataka,"Thimmaiah Road, Kaverappa Layout, Vasanth Nagar, Bengaluru",560001,12.9928,77.5964,https://bangalore.afindia.org,"Official French centre with auditorium, gallery, media centre, classes, and cultural events.","Culture, Library","alliance-francaise, film"
Alliance Française de Mahe,Hubballi,Puducherry,"Mahé, Mahe",673310,11.7002,75.5343,https://afindia.org/about,Official Alliance Française centre in Mahe.,Culture,alliance-francaise
British Council Library,Hubballi,Delhi,"17 Kasturba Gandhi Marg, Janpath, Connaught Place, New Delhi",110001,28.627,77.2224,https://www.britishcouncil.in,Public library and cultural programming venue operated by the British Council.,"Culture, Library","british-council, membership-required"
British Council Library,Hubballi,West Bengal,"16 Camac Street, Kankaria Estates, Kolkata",700016,22.5494,88.3539,https://www.britishcouncil.in,Public library and cultural programming venue operated by the British Council.,"Culture, Library","british-council, membership-required"
British Council Library,Hubballi,Tamil Nadu,"737 Anna Salai, Chennai",600006,13.0594,80.2578,https://www.britishcouncil.in,Public library and cultural programming venue operated by the British Council.,"Culture, Library","british-council, membership-required"
British Council Library,Hubballi,Karnataka,"23, 1st Cross, Kasturba Road, Shanthala Nagar, Bengaluru",560001,12.9735,77.5981,https://www.britishcouncil.in,Public library and cultural programming venue operated by the British Council.,"Culture, Library","british-council, membership-required"
British Council Library,Hubballi,Maharashtra,"Mittal Tower, Nariman Point, Mumbai",400005,18.9252,72.8248,https://www.britishcouncil.in,Public library and cultural programming venue operated by the British Council.,"Culture, Library","british-council, membership-required"
British Council Library,Hubballi,Gujarat,"Amrapali Lakeview Tower, Vastrapur, Ahmedabad",380054,23.0398,72.5294,https://www.britishcouncil.in,Public library and cultural programming venue operated by the British Council.,"Culture, Library","british-council, membership-required"
British Council Library,Hubballi,Chandigarh,"Elante Office, Industrial Area Phase 1",160002,30.704,76.8015,https://www.britishcouncil.in,Public library and cultural programming venue operated by the British Council.,"Culture, Library","british-council, membership-required"
British Council Library,Hubballi,Telangana,"SL Jubilee, Road No 36, Jubilee Hills, Hyderabad",500033,17.4292,78.41,https://www.britishcouncil.in,Public library and cultural programming venue operated by the British Council.,"Culture, Library","british-council, membership-required"
British Council Library,Hubballi,Maharashtra,"Ramsukh House, Ganeshkhind Road, Narveer Tanaji Wadi, Pune",411005,18.53,73.8516,https://www.britishcouncil.in,Public library and cultural programming venue operated by the British Council.,"Culture, Library","british-council, membership-required"
FABLAB Kerala - Trivandrum,Hubballi,Kerala,"Kerala Startup Mission, Ground Floor, IIITM-K Building, Technopark Campus, Trivandrum, Karyavattom",695581,8.5566,76.882,https://fablabkerala.in,"Public-facing fabrication lab created with Kerala Startup Mission to support entrepreneurship, learning, and innovation.",Makerspace,"fablab, government"
FabLab Trichy,Hubballi,Tamil Nadu,"Government College of Engineering, Sethurappatti, Srirangam, Trichy, Sethurapatti",620012,10.6785,78.5996,https://forgeforward.in,"Fabrication lab and community innovation hub with workshops, training, and collaborative projects.",Makerspace,fablab
FabLab Nellai,Hubballi,Tamil Nadu,"Government College of Engineering, Trivandrum Road, Marshal Nagar, Tirunelveli",627007,8.6861,77.7258,https://forgeforward.in,"Community innovation lab for hands-on learning, prototyping, and local maker activity.",Makerspace,fablab
FabLab Noida,Hubballi,Uttar Pradesh,"C-56/47, Sector 62, Industrial Area, Noida",201307,28.6154,77.3623,https://fablabs.io/labs/rentechnologies01,Digital fabrication lab aimed at engineering students and community innovation in NCR.,Makerspace,fablab
FabLab Mohali,Hubballi,Punjab,New Chandigarh,140901,30.8088,76.7264,https://fablabs.io/labs/mohali,Part of the Fab Lab Chandigarh network; focused on hardware development and startup prototyping.,Makerspace,fablab
Fab Lab Chandigarh,Hubballi,Chandigarh,,,30.7333,76.7794,https://fablabs.io/labs/fablabchandigarh,Fab lab intended to expand access to digital-fabrication technologies across the northern region.,Makerspace,fablab
FabLab Nagpur,Hubballi,Maharashtra,"36, Atrey Layout, Pratap Nagar, Nagpur",440022,21.1149,79.0605,https://fablabnagpur.com,Community digital fabrication lab and coworking-style maker environment open to varied age groups.,Makerspace,"fablab, coworking"
FabLab Narmadalaya,Hubballi,Madhya Pradesh,"Vivekananda Institute of Rural Technology, Lepa Punarvas, Kasrawad, Khargone",451228,22.1209,75.6111,https://narmadalaya.org,"Rural fablab for tribal youth, local artisans, makers, and village-level problem solving.",Makerspace,"fablab, rural, craft"
Makerspace@CMRIT,Hubballi,Karnataka,"CMR Institute of Technology, 132 AECS Layout, ITPL Main Road, Kundalahalli, Brookefield, Bengaluru",560037,12.9676,77.7141,https://cmrit.ac.in/makerspace,"Large college-hosted makerspace with 3D printing, CNC, electronics, talks, hackathons, and makeathons.",Makerspace,youth
Fab Lab - AIC ADT Baramati Foundation,Hubballi,Maharashtra,"Post Box No. 35, Malegaon Colony, Sharadanagar, Baramati, Pune district",413115,18.1792,74.6078,https://aicadtbaramatifoundation.org/fablab,Public/open-access digital fabrication workshop welcoming everyone from children to entrepreneurs.,Makerspace,"fablab, children"
Arthshila Delhi,Hubballi,Delhi,"B-19/1, Pocket B, Okhla Phase II, Okhla Industrial Estate, New Delhi",110020,28.5357,77.2761,https://arthshila.org,"Multi-arts centre with galleries, auditorium, terrace, pop-up areas, and community programming across art, architecture, design, and craft.",Arts,craft
Triveni Kala Sangam,Hubballi,Delhi,"Mandi House, Mahatma Jyoti Rao Phule Marg Area, New Delhi",110001,28.6248,77.2323,https://trivenikalasangam.org,"Art institution with galleries, theatre, and open cultural programming.","Arts, Performing Arts",
KNMA Saket,Hubballi,Delhi,"Saket, New Delhi",,28.5221,77.2102,https://knma.in,"Contemporary art museum with exhibitions, lectures, and education programmes.","Arts, Museum","knma, free-entry"
KNMA Noida,Hubballi,Uttar Pradesh,"Sector 126, Noida",201313,28.5389,77.3396,https://knma.in,Second KNMA location hosting exhibitions and public events.,"Arts, Museum","knma, free-entry"
Niv Art Centre,Hubballi,Delhi,"Neb Sarai, Sainik Farm, New Delhi",,28.505,77.2089,https://nivartcentre.com,Private art foundation and gallery space hosting exhibitions and residencies.,Arts,residency
India Islamic Cultural Centre,Hubballi,Delhi,"Lodhi Road area, New Delhi",,28.5911,77.228,,"Cultural venue hosting talks, seminars, and exhibitions.",Community,
Raza Foundation Space,Hubballi,Delhi,New Delhi,,28.6139,77.2088,https://razafoundation.org,"Foundation promoting arts, lectures, and literary dialogues.",Arts,literature
Bikaner House Cultural Centre,Hubballi,Delhi,"Pandara Road, India Gate, New Delhi",110003,28.606,77.2307,https://delhitourism.gov.in,"Heritage building used for exhibitions, food festivals, and arts programming.",Arts,"heritage-building, government"
Travancore House Cultural Venue,Hubballi,Delhi,"Kasturba Gandhi Marg, New Delhi",110001,28.6229,77.2254,https://delhitourism.gov.in,Heritage cultural venue hosting exhibitions and cultural events.,Performing Arts,"heritage-building, government"
Studio Safdar,Hubballi,Delhi,"Shadi Khampur, Shadipur, New Delhi",,28.651,77.1562,https://studiosafdar.com,Independent art and theatre space supporting political and experimental performance.,Performing Arts,social-justice
IGNCA,Hubballi,Delhi,"Janpath, Connaught Place, New Delhi",110001,28.6278,77.219,https://ignca.gov.in,"Indira Gandhi National Centre for the Arts - national cultural research centre with exhibitions, lectures, and performances.",Arts,government
Gandhi Smriti Cultural Programmes,Hubballi,Delhi,"Tees January Marg, New Delhi",110011,28.6024,77.2145,https://gandhismriti.gov.in,"Museum with workshops, dialogues, and cultural events.",Museum,"government, heritage-building"
National Crafts Museum & Hastkala Academy,Hubballi,Delhi,"Pragati Maidan, New Delhi",,28.6126,77.2434,https://ncraftsmuseum.nic.in,"Museum and craft hub with exhibitions, workshops, and festivals.",Museum,"government, craft"
Rabindranath Tagore Centre (ICCR),Hubballi,West Bengal,"9A, Ho Chi Minh Sarani, Kankaria Estates, Kolkata",700071,22.5474,88.3517,https://iccr.gov.in,"ICCR's flagship cultural centre in Kolkata with galleries, auditorium, seminar rooms, cultural events, workshops, and theatre.",Culture,"iccr, government"
ICCR Ahmedabad Regional Centre,Hubballi,Gujarat,"Beside PhD Facilitation Centre, Above University Canteen, Gujarat University Campus, Navrangpura, Ahmedabad",380009,23.0372,72.5466,https://iccr.gov.in,ICCR sub-zonal cultural centre supporting cultural programming and exchange in Ahmedabad and Gujarat.,Culture,"iccr, government"
ICCR Guwahati at Shilpgram,Hubballi,Assam,"Annexure Pavilion, Shilpgram, Panjabari Road, Khanapara, Guwahati",781037,26.1333,91.8212,https://iccr.gov.in,"Cultural office embedded in the Shilpgram complex, with regular support for cultural organisations and monthly Horizon programmes.",Culture,"iccr, government"
ICCR Shillong at Brookside Cottage,Hubballi,Meghalaya,"Brookside Cottage, New Assembly Compound, Laitumkhrah, Shillong",793004,25.5663,91.9008,https://iccr.gov.in,"Cultural centre in Brookside Cottage, active in promoting folk festivals, local music and dance, and wider Northeast cultural programming.","Culture, Performing Arts","iccr, government"
ICCR Pune Regional Centre,Hubballi,Maharashtra,"Savitribai Phule University, Ganeshkhind, Pune",411007,18.553,73.8265,https://iccr.gov.in,"Public-facing ICCR regional centre coordinating exhibitions, seminars, performances, and collaborations with local cultural organisations.",Culture,"iccr, government"
ICCR Mumbai Regional Centre,Hubballi,Maharashtra,"Videsh Bhavan, Plot No. C-45, Block G, Bandra-Kurla Complex, Bandra East, Mumbai",400051,19.0632,72.8692,https://iccr.gov.in,"Mumbai ICCR regional centre coordinating exhibitions, cultural presentations, and exchange programmes.",Culture,"iccr, government"
ICCR Patna Regional Centre,Hubballi,Bihar,"67-68/40, Officers Flat, Nehru Path, Opp. Suchna Bhavan, Rajbansi Nagar, Patna",800001,25.6071,85.1084,https://iccr.gov.in,"Regional cultural centre coordinating exhibitions, seminars, and cultural delegations in Bihar and Jharkhand.",Culture,"iccr, government"
ICCR Bengaluru Regional Centre,Hubballi,Karnataka,"Ground Floor, Regional Passport Office, 8th Block, 80 Feet Road, Koramangala, Bengaluru",560095,12.946,77.6191,https://iccr.gov.in,Regional cultural centre running recurring artist-platform programmes such as EFCEP and Horizon.,"Culture, Performing Arts","iccr, government"
"Kolkata International Foundation for Arts, Literature & Culture",Hubballi,West Bengal,"Raja Basanta Roy Road, Kolkata",,22.5139,88.3531,https://kolkatainternationalfoundation.org,"Culture foundation operating a space with gallery, book corner, and space for seminars, readings, film shows, and creative activities.",Arts,"literature, film"
Nita Mukesh Ambani Cultural Centre,Hubballi,Maharashtra,"G Block, Bandra Kurla Complex, Mumbai",400098,19.0685,72.8703,https://nmacc.com,"Large multidisciplinary cultural centre with performing arts, visual arts, public art, and public-facing spaces including the Art House, Dhirubhai Ambani Square, and The Cube experimental performance venue.","Arts, Performing Arts",
Nehru Centre,Hubballi,Maharashtra,"Dr Annie Besant Road, Worli, Mumbai",400018,18.9991,72.8173,https://nehrucentremumbai.in,"Major cultural centre with art gallery, library, exposition galleries, exhibitions, and a culture wing promoting music, dance, drama, and lectures.",Arts,government
Harkat Studios,Hubballi,Maharashtra,"Bungalow No. 17, Aram Nagar II, Off JP Road, Versova, Andheri West, Mumbai",400061,19.1275,72.816,https://harkat.in,"Alternative arts and performance space hosting film, theatre, music, movement, and experimental community programming.",Performing Arts,film
3 Art House,Hubballi,Maharashtra,"Unit 1, Mohini Heights, 5th Road, Govind Dham, Khar West, Ram Krishna Nagar, Mumbai",400052,19.0665,72.8382,https://3arthouse.com,"Collaborative gallery-stage-living-room style cultural space for events, workshops, mural activities, and emerging artistic voices.",Arts,
The Guild Art Gallery,Hubballi,Maharashtra,"Colaba, Mumbai",,18.9067,72.8147,https://guildindia.com,Contemporary art gallery that hosts exhibitions and discussions.,Arts,
Bhau Daji Lad Museum,Hubballi,Maharashtra,"Byculla East, Mumbai",,18.9822,72.8383,https://bdlamuseum.org,"Museum with active workshops, festivals, and community heritage programmes.",Museum,"heritage-building, government"
Prithvi House / Prithvi Theatre,Hubballi,Maharashtra,"Juhu, Mumbai",,19.1048,72.8267,https://prithvitheatre.org,"Historic theatre hub with festivals, cafés, workshops, and public programming.",Performing Arts,cafe
G5A Warehouse,Hubballi,Maharashtra,"Mahalaxmi, Mahalakshmi, Mumbai",,18.9865,72.8183,https://g5afoundation.org,Contemporary performance and arts space focused on experimental theatre and dance.,Performing Arts,
Sabha,Hubballi,Karnataka,Bengaluru,,12.9629,77.5775,https://sabhablr.in,"Inclusive public cultural space in a restored heritage building, designed for art, craft, culture, creative voices, and community reflection.",Arts,"heritage-building, craft"
Agamashaala,Hubballi,Karnataka,"Yelahanka New Town, Bengaluru",,13.1042,77.5713,https://agamashaala.mobirisesite.com,"Community-oriented creative hub positioning itself as a sanctuary for artists and curious learners through workshops, events, and gatherings.",Arts,
Jaipur Center of Culture and Arts,Hubballi,Rajasthan,"872, Gautam Marg, Rani Sati Nagar, Nirman Nagar, Brijlalpura, Jaipur",302019,26.884,75.7422,https://jccaindia.com,"Four-storey cultural centre created to support art engagement, exhibitions, workshops, and public cultural participation.",Arts,
Jaipur Centre for Art,Hubballi,Rajasthan,"Gate No. 1, City Palace, Tripolia Bazar, Jaipur",302002,26.9256,75.819,https://jaipurcentreforart.com,Contemporary art space in the City Palace precinct with platform programming for exhibitions and cross-disciplinary dialogue.,Arts,heritage-building
Jawahar Kala Kendra,Hubballi,Rajasthan,"Jawahar Lal Nehru Marg, Jaipur",,26.8757,75.8103,https://jkk.artandculture.rajasthan.gov.in,"Major cultural complex with theatres, galleries, and public arts events.","Arts, Performing Arts","government, outdoor-venue"
Ravindra Manch,Hubballi,Rajasthan,"Ram Niwas Garden, Kailash Puri, Adarsh Nagar, Jaipur",,26.9134,75.8207,https://artandculture.rajasthan.gov.in,Theatre and cultural venue used for festivals and performances.,Performing Arts,government
Hawa Mahal Cultural Programming Space,Hubballi,Rajasthan,"Hawa Mahal, J.D.A. Market, Kanwar Nagar, Jaipur",302002,26.924,75.8267,https://rajasthan.gov.in,Heritage venue occasionally used for cultural programming.,Arts,"heritage-building, government, limited-access"
Shilpgram,Hubballi,Rajasthan,Udaipur,,24.5854,73.7125,https://westzoneculturecentre.gov.in,Crafts village and cultural hub hosting festivals and exhibitions.,Arts,"craft, government, outdoor-venue"
3AM Art House,Hubballi,Gujarat,"A/39, Ground Floor, Celebration City Center, South Bopal, Ahmedabad",380058,23.0236,72.4712,https://3amarthouse.com,"Community-friendly art house for workshops, student showcases, and creative learning for different age groups.",Arts,children
Cholamandal Artists' Village,Hubballi,Tamil Nadu,"Injambakkam / East Coast Road area, Chennai",,12.9164,80.2505,https://cholamandalartistvillage.com,"India's largest self-supporting artists' village, with galleries, resident artistic community, and open-air theatre for discussions and conferences.",Arts,"residency, outdoor-venue, studios"
DakshinaChitra Museum,Hubballi,Tamil Nadu,"ECR Road, Chennai",,12.9245,80.2511,https://dakshinachitra.net,Living heritage museum with workshops and cultural festivals.,Museum,"heritage-building, craft"
Kalakshetra Foundation,Hubballi,Tamil Nadu,"Thiruvanmiyur, Chennai",,12.983,80.2594,https://kalakshetra.in,Campus for classical dance and music with regular performances.,"Performing Arts, Education",government
Kerala Kalamandalam Fort Kochi Centre,Hubballi,Kerala,Fort Kochi,,9.9658,76.2421,https://keralasangeethanatakakademi.in,"Outreach and cultural centre connecting traditional Kerala arts with schools, workshops, and weekend performances.",Performing Arts,
Kochi-Muziris Biennale Pavilion Spaces,Hubballi,Kerala,Fort Kochi,,9.9658,76.2421,https://kochimuzirisbiennale.org,Network of exhibition venues activated during the biennale and residencies.,Arts,"limited-access, residency"
Durbar Hall Art Gallery,Hubballi,Kerala,Kochi,,9.9312,76.2673,https://kochi.biennale.org,State gallery used for exhibitions and cultural programmes.,Arts,government
Serendipity Arts Foundation,Hubballi,Goa,"Campal, Panaji",403001,15.4936,73.8192,https://serendipityarts.org,Cultural organisation behind the Serendipity Arts Festival; runs year-round arts initiatives and collaborations.,Arts,
Museum of Goa,Hubballi,Goa,Pilerne Industrial Estate,403511,15.5277,73.7919,https://museumofgoa.com,"Contemporary art museum with workshops, talks, and community art programming.","Arts, Museum",
Bharat Bhavan,Hubballi,Madhya Pradesh,"Shamla Hills, Bhopal",,23.241,77.3855,https://bharatbhavan.org,"Landmark multi-arts complex with museums, theatre, and artist residencies.","Arts, Performing Arts","government, residency"
Ravindra Bhavan,Hubballi,Madhya Pradesh,Bhopal,,23.2599,77.4126,https://mp.gov.in,Cultural centre used for exhibitions and performing arts.,Performing Arts,government
Lalit Kala Akademi Regional Centre,Hubballi,Tamil Nadu,"Greams Road, Thousand Lights, Chennai",600006,13.0614,80.2546,https://lalitkala.gov.in,Government-run contemporary art centre and gallery with exhibitions and workshops.,Arts,"lalit-kala-akademi, government"
Lalit Kala Akademi Regional Centre,Hubballi,Odisha,Bhubaneswar,,20.296,85.8246,https://lalitkala.gov.in,"National academy gallery hosting exhibitions, artists' events, and artist development.",Arts,"lalit-kala-akademi, government"
Lalit Kala Akademi Regional Centre,Hubballi,Uttar Pradesh,Lucknow,,26.8467,80.9462,https://lalitkala.gov.in,Public art gallery and workshop space.,Arts,"lalit-kala-akademi, government"
Lalit Kala Akademi Regional Centre,Hubballi,West Bengal,Kolkata,,22.5744,88.3629,https://lalitkala.gov.in,Art exhibitions and cultural programming.,Arts,"lalit-kala-akademi, government"
Lalit Kala Akademi - Garhi Artists' Studios,Hubballi,Delhi,"Garhi Village, East of Kailash, New Delhi",110065,28.557,77.2513,https://lalitkala.gov.in,Artist residency and studios supporting contemporary art practice.,Arts,"lalit-kala-akademi, government, residency, studios"
Heritage Transport Museum,Hubballi,Haryana,"Tauru Road, Gurugram",,28.2604,76.916,https://heritagetransportmuseum.org,Museum with interactive exhibits and education programmes.,Museum,
Ravindra Bhavan,Hubballi,Assam,Guwahati,,26.1158,91.7086,https://assam.gov.in,State cultural centre used for theatre and public events.,Performing Arts,government
Shilpgram,Hubballi,Assam,"Panjabari Road, Guwahati",,26.1336,91.8247,https://wzculturecentre.gov.in,Crafts and cultural complex hosting festivals and exhibitions.,Arts,"craft, government, outdoor-venue"
Kalagram,Hubballi,Chandigarh,"Manimajra, Sector 13",,30.7202,76.8375,https://northzoneculturecentre.gov.in,"Cultural complex hosting festivals, exhibitions, and craft fairs.",Arts,"craft, government, outdoor-venue"
American Center,Hubballi,Delhi,"KG Marg, New Delhi",110001,28.6229,77.2254,https://in.usembassy.gov,"Cultural space hosting talks, exhibitions, and community events.",Culture,american-center
American Center,Hubballi,West Bengal,"Ho Chi Minh Sarani, Kankaria Estates, Park Street area, Kolkata",700071,22.5472,88.3509,https://in.usembassy.gov,"Public programming space for lectures, arts, and cultural exchange.",Culture,american-center
TinkerSpace,Hubballi,Kerala,"21/258, Seaport-Airport Rd, Vidya Nagar Colony, Kalamassery",682022,10.047,76.3352,https://tinkerhub.org/tinkerspace,"Kerala's first 24/7 public makerspace, a community-funded hub for hands-on learning and future technologies.",Makerspace,"free-entry, stem, youth"
Courtyard Koota,Hubballi,Karnataka,"GoodEarth Tarana, Malhar Road, Kengeri",560074,12.8854,77.4664,https://courtyardkoota.com,"An intimate arts and community space hosting theatre, music, film screenings, and literary events.","Arts, Performing Arts","literature, film"
The Courtyard,Hubballi,Karnataka,"105, Kengal Hanumanthaiah Rd, Shanti Nagar",560027,12.9584,77.5929,https://linktr.ee/thecourtyardcommunity,"A family-run cultural courtyard hosting live music, theatre, pop-up food, flea markets, and community gatherings.",Arts,"cafe, film"
The Long House Collective,Hubballi,Kerala,"9/288, Coconut Bazaar, South Beach Rd, Mananchira",673001,11.2491,75.773,https://www.instagram.com/thelonghousecollective/,"A community art space in a repurposed godown near the beach, hosting exhibitions, performances, and flea markets.",Arts,heritage-building
Ranga Shankara,Hubballi,Karnataka,"36/2, 8th Cross Rd, 2nd Phase, J. P. Nagar",560078,12.9115,77.587,https://rangashankara.org,"A dedicated theatre space hosting 400+ plays a year, with a 320-seat auditorium and outreach programmes.",Performing Arts,cafe
Local Sustainable Living,Hubballi,Kerala,"Tharavadu, Mangayil Ave, Poonithura, Maradu",682304,9.9377,76.3302,https://www.facebook.com/localsustainablestore,"A community store offering local, affordable and sustainable products from food and art to lifestyle goods.",Community,sustainability
Kerala Lalithakala Akademi Art Gallery,Hubballi,Kerala,"Vyloppilli Samskrithi Bhavan, Nalanda Ln, Plammoodu",695003,8.5149,76.9494,https://lalithkala.org,"State art gallery in a Laurie Baker-designed building, hosting year-round exhibitions and workshops.",Arts,"government, lalithakala-akademi"
Kerala Lalithakala Akademi Art Gallery,Hubballi,Kerala,"Town Hall Rd, Mananchira",673001,11.2539,75.779,https://lalithkala.org,"Regional art gallery with twin exhibition halls for paintings, photography, and literary events.",Arts,"government, lalithakala-akademi"
Cochin Cultural Centre,Hubballi,Kerala,"KB Jacob Rd, Fort Kochi",682001,9.9602,76.2429,https://cochinculturalcentre.org,"Award-winning performing arts centre with daily Kathakali, Kalaripayattu, and Mohiniyattam shows.",Performing Arts,
Kerala Kalamandalam,Hubballi,Kerala,"Vallathol Nagar, Thrissur-Shoranur Rd",679531,10.7366,76.2785,https://kalamandalam.edu.in,"Deemed university of art and culture founded in 1930, training students in Kathakali, Mohiniyattam, and other Kerala performing arts.","Performing Arts, Education","institutional, heritage-building"
Sargaalaya Kerala Arts and Crafts Village,Hubballi,Kerala,"Sargalaya Rd, Kottakkal",673521,11.5601,75.6059,https://sargaalaya.in,"A 20-acre riverside crafts village with 60 artisan cottages, live workshops, and an annual international crafts festival.",Arts,"craft, government, outdoor-venue"
KPAC - Kerala People's Arts Club,Hubballi,Kerala,"Kallummoodu Junction, NH 47",690502,9.1613,76.5069,https://kpacdrama.com,"Kerala's oldest theatre organisation with the Thoppil Bhasi Auditorium, pioneering socially conscious drama since the 1950s.",Performing Arts,
Lokadharmi Nadakaveedu,Hubballi,Kerala,"Nayarambalam, Vypin",682509,10.0541,76.2202,https://lokadharmi.org,"A theatre campus with rehearsal halls, open-air stages, and residential facilities for a 500-member artist community.",Performing Arts,residency
Space of ACT Theater Collective,Hubballi,Kerala,"Post Office Rd, Vaduthala, Pachalam",682023,10.016,76.2773,https://www.justdial.com/Ernakulam/Space-Of-ACT-Theater-Collective-Near-Vaduthala-Pachalam/0484PX484-X484-230917163614-V5A7_BZDET,"A community theatre space offering drama training, workshops, and performances.",Performing Arts,
A Ware Community Space,Hubballi,Karnataka,"3rd Floor, Gurudev Chambers, 7th Cross, 3rd Main, Indiranagar 1st Stage, Binnamangala",560038,12.9816,77.6396,https://www.awarestudio.in/pages/community-space,A membership-based pottery and ceramics studio space for creators to work collaboratively.,Arts,"membership-required, craft, studios"
Indian Music Experience Museum,Hubballi,Karnataka,"Brigade Millennium Avenue, JP Nagar 7th Phase",560078,12.8918,77.5837,https://indianmusicexperience.org,"India's first interactive music museum with nine galleries, a sound garden, and a learning centre.",Museum,
Indian Institute of World Culture,Hubballi,Karnataka,"6, BP Wadia Road, Basavanagudi",560004,12.9441,77.5761,https://iiwc.in,"A cultural institution with a library, art gallery, and lecture hall hosting ~150 programs annually.",Library,heritage-building
"Champaca Bookstore, Library & Cafe",Hubballi,Karnataka,"7/1, Edward Road, off Queens Road, Vasanth Nagar",560001,12.9872,77.596,https://champaca.in,"An independent bookstore, lending library, and cafe with a curated collection and regular literary events.",Library,"cafe, literature"
Freedom Park,Hubballi,Karnataka,"Seshadri Road, Gandhi Nagar",560009,12.9779,77.5822,https://blrhubba.in/venues/freedom-park,"A 21-acre public park and former colonial prison with a jail museum, book museum, and space for public gatherings.",Community,"free-entry, outdoor-venue, heritage-building, government"
Paper Crane Lab,Hubballi,Karnataka,"6th Cross, 10th Main, Indiranagar",560038,12.976,77.6384,https://pclprojects.wordpress.com,"A nonprofit STEM makerspace with 3D printers, laser cutters, and tools, open to the public via day passes.",Makerspace,"stem, children"
KaTTe - The Creative Community,Hubballi,Karnataka,"545, 4th Cross, 6th Main Road, HAL 2nd Stage, Indiranagar",560008,12.9728,77.6433,https://www.facebook.com/kattethecreativecommunity/,"A nonprofit creative arts space in a duplex house, hosting performances, art events, and coworking.",Arts,"coworking, film"
Bangalore Creative Circus,Hubballi,Karnataka,"12/2, Yeshwanthpur Industrial Suburb",560086,13.0139,77.5481,https://www.blrcreativecircus.com,"A 20,000 sqft repurposed warehouse with a sustainability museum, edible gardens, and arts and community event space.",Arts,"sustainability, craft"
Design Ashram,Hubballi,Kerala,"Gujarathi Street, Kuttichira",673001,11.2472,75.7741,https://www.designashram.org,"A 100-year-old heritage house turned community space with an art gallery, library, coworking studio, and regular cultural events.",Arts,"coworking, heritage-building, literature, film"
TARQ,Hubballi,Maharashtra,"Ground Floor, KK Navsari Chambers, 39, AK Nayak Marg, Fort",400001,18.9359,72.833,https://www.tarq.in,"A contemporary art gallery founded in 2010, serving as an incubator for young South Asian artists with regular public exhibitions and events.",Arts,
Chemould Prescott Road,Hubballi,Maharashtra,"3rd Floor, Queens Mansion, Ghanshyam Talwatkar Marg, Fort",400001,18.9353,72.8324,https://www.gallerychemould.com,"One of India's oldest contemporary art galleries, founded in 1963, instrumental in building the careers of major Indian artists.",Arts,
Chatterjee & Lal,Hubballi,Maharashtra,"Kamal Mansion, Arthur Bunder Road, Colaba",400001,18.9327,72.8354,https://chatterjeeandlal.com,"A Colaba gallery founded in 2003, focusing on emerging and mid-career artists with strong conceptual practices.",Arts,
Jhaveri Contemporary,Hubballi,Maharashtra,"3rd Floor, Devidas Mansion, B K Boman Behram Marg, Colaba",400001,18.923,72.8329,https://jhavericontemporary.com,A gallery representing artists across generations whose practices are informed by South Asian connections and traditions.,Arts,
Akara Art,Hubballi,Maharashtra,"Amarchand Mansion, Madame Cama Road, Colaba",400001,18.9254,72.8307,https://akaraart.com,Two gallery spaces - Akara Modern and Akara Contemporary - showcasing modern Indian art and next-generation South Asian artists.,Arts,
Project 88,Hubballi,Maharashtra,"Ground Floor, BMP Building, Narayan A Sawant Road, Colaba",400005,18.9144,72.8263,https://www.project88.in,"A gallery in a restored century-old metal printing press, specialising in experimental and conceptually rigorous contemporary art.",Arts,heritage-building
Sakshi Gallery,Hubballi,Maharashtra,"3rd Pasta Lane, Colaba",400005,18.9181,72.8274,https://sakshigallery.com,"One of Mumbai's longest-running contemporary art galleries, founded in 1986, with a record of showing major Indian artists.",Arts,
Gallery Maskara,Hubballi,Maharashtra,"6/7, 3rd Pasta Lane, Colaba",400005,18.9181,72.8276,https://gallerymaskara.com,"A contemporary art gallery in a restored pre-independence cotton warehouse, exhibiting Indian and international artists.",Arts,heritage-building
Clark House Initiative,Hubballi,Maharashtra,"Ground Floor, 8 Nathalal Parekh Marg, Wodehouse Road, Colaba",400001,18.9249,72.8315,http://clarkhouseinitiative.org,"A curatorial collaborative and union of artists hosting exhibitions, residencies, and discursive programmes rooted in communitarianism.",Arts,residency
ARTISANS' Centre,Hubballi,Maharashtra,"52-56, Dr Forbes Street, Kala Ghoda, Fort",400001,18.9283,72.8325,https://artisanscentre.com,"India's first gallery at the intersection of art, craft, and design, hosting exhibitions, workshops, talks, and artisan marketplaces.",Arts,craft
Hackerspace Mumbai,Hubballi,Maharashtra,"Bandra Kurla Complex, Bandra East",400051,19.0688,72.8703,https://hackmum.in,"Mumbai's largest open-source tech community, bringing together developers, designers, and makers for meetups, workshops, and hackathons.",Makerspace,
Somaiya RiiDL,Hubballi,Maharashtra,"Bhaskaracharya Building, Somaiya Vidyavihar, Vidyavihar East",400077,19.0745,72.9012,https://riidl.org,"A multidisciplinary innovation hub and FabLab offering open access to digital fabrication tools, a DIY bio lab, and startup incubation.",Innovation Hub,"fablab, institutional"
Curiosity Gym,Hubballi,Maharashtra,"296, Shahid Bhagat Singh Road, Ballard Estate, Fort",400001,18.9363,72.8373,https://curiositygym.com,"A STEM education and innovation hub providing experiential learning in coding, robotics, AI, and 3D printing for children and youth.",Education,"stem, children"
Kitab Khana,Hubballi,Maharashtra,"45-47, Somaiya Bhavan, Mahatma Gandhi Road, Fort",400001,18.9319,72.8319,https://www.kitabkhana.in,"An independent bookshop in a 150-year-old heritage building, with a curated collection, in-house café, and community literary events.",Library,"literature, heritage-building, cafe"
Asiatic Society of Mumbai,Hubballi,Maharashtra,"Town Hall, Shahid Bhagat Singh Road, Fort",400001,18.9318,72.8358,https://www.asiaticsociety.org.in,"One of India's oldest learned societies (est. 1804), housed in the landmark Town Hall, with a public library of over 100,000 books and rare manuscripts.",Library,"heritage-building, membership-required"
People's Free Reading Room and Library,Hubballi,Maharashtra,"Jagannath Shankar Seth Road, Dhobi Talao, Marine Lines",400002,18.9437,72.8286,,"One of Mumbai's oldest public libraries, founded in 1845, offering free reading room access and low-cost borrowing membership.",Library,"free-entry, heritage-building"
David Sassoon Library and Reading Room,Hubballi,Maharashtra,"152, Mahatma Gandhi Road, Kala Ghoda, Fort",400032,18.9277,72.8311,https://www.davidsassoonlibrary.com,"A Victorian Neo-Gothic heritage library established in 1870 in the Kala Ghoda arts district, recently restored and reopened in 2023.",Library,"heritage-building, membership-required"
Mumbai Marathi Grantha Sangrahalaya,Hubballi,Maharashtra,"MMGS Marg, Naigaon, Dadar East",400014,19.0138,72.8464,http://www.mumbaimgs.org,"One of India's oldest public libraries, founded in 1898, dedicated to Marathi literature and language with multiple branches across Mumbai.",Library,"literature, free-entry"
National Centre for the Performing Arts,Hubballi,Maharashtra,"NCPA Marg, Nariman Point",400021,18.9252,72.8197,https://www.ncpamumbai.com,"India's premier multi-venue performing arts centre, hosting over 700 events annually across music, dance, theatre, and film.",Performing Arts,
Film Heritage Foundation,Hubballi,Maharashtra,"Veer Nariman Road, Churchgate",400020,18.9332,72.8267,https://filmheritagefoundation.co.in,"A non-profit dedicated to film preservation and restoration, hosting free public screenings of classic and restored films and annual workshops.",Arts,"film, free-entry"
Toon Club,Hubballi,Maharashtra,"Gharaonda, 1st Floor, 558, National College Lane, Bandra West",400050,19.0635,72.837,https://toonclub.net,"An animation and visual storytelling education space for children and young adults, where participants create original cartoon films.","Arts, Education",children
Shaheedi Park,Hubballi,Delhi,"Bahadur Shah Zafar Marg, Vikram Nagar",110002,28.634,77.2412,https://en.wikipedia.org/wiki/Shaheedi_Park,"India's first outdoor museum park featuring waste-to-art sculptures and installations depicting Indian freedom fighters and historical eras, built from 250 tonnes of scrap.",Arts,"outdoor-venue, government"
Srijan Art Gallery,Hubballi,Delhi,"Nehru Park, Chanakyapuri",110021,28.591,77.1932,https://www.ndmc.gov.in,"An open-air art gallery and creative platform at Nehru Park, featuring curated exhibitions, live demos, workshops, and community art events with free public entry.",Arts,"outdoor-venue, free-entry, government"
Baansera Park,Hubballi,Delhi,"Yamuna Floodplains, Sarai Kale Khan",110013,28.594,77.2616,https://lg.delhi.gov.in/swachh-delhi/baansera,"Delhi's first bamboo-themed park spanning 10 hectares on the Yamuna floodplains, with over 30,000 bamboo plants of 15 varieties and a musical fountain.",Community,"outdoor-venue, sustainability, government"
Anna Centenary Library,Hubballi,Tamil Nadu,"Gandhi Mandapam Road, Kotturpuram",600085,13.0171,80.24,https://www.annacentenarylibrary.org,"One of Asia's largest public libraries with over 1.2 million books across multiple floors, established by the Government of Tamil Nadu.",Library,"government, free-entry"
Kalaignar Centenary Library,Hubballi,Tamil Nadu,"Natham Road, Race Course Colony",625002,9.9415,78.1361,https://kalaignarcentenarylibrary.tn.gov.in,"A modern public library inaugurated in 2023, one of the largest in South India, named after former Chief Minister M. Karunanidhi.",Library,"government, free-entry"
Connemara Public Library,Hubballi,Tamil Nadu,"Pantheon Road, Egmore",600008,13.0704,80.2568,https://www.connemarapubliclibrary.org,"Established in 1890, one of India's four National Depository Libraries housed in a heritage building, receiving a copy of all publications in India.",Library,"government, heritage-building, free-entry"
Roja Muthiah Research Library,Hubballi,Tamil Nadu,"3rd Cross Street, CIT Campus, Taramani",600113,12.9978,80.246,https://rmrl.in,"A research library specializing in Tamil studies, housing over 500,000 items across the humanities, social sciences, and sciences.",Library,free-entry
Maraimalai Adigal Library,Hubballi,Tamil Nadu,"Connemara Public Library Campus, Pantheon Road, Egmore",600008,13.0705,80.2569,,"A government research library within the Connemara campus, named after Tamil scholar and social reformer Maraimalai Adigal.",Library,"government, heritage-building, free-entry"
Dr. U.Ve. Swaminatha Iyer Library,Hubballi,Tamil Nadu,"Arundale Beach Road, Kalakshetra Colony, Besant Nagar",600090,12.9923,80.2649,https://uvesalibrary.org,"Established in 1943 in memory of the eminent Tamil scholar, housing his personal collection of rare manuscripts, diaries, and classical Tamil literature.",Library,heritage-building
Adyar Library and Research Centre,Hubballi,Tamil Nadu,"The Theosophical Society, Besant Avenue Road, Adyar",600020,13.0081,80.2671,https://adyarlibrary.org,"A premier research centre for Eastern philosophy, religion, and culture within the Theosophical Society campus, holding rare manuscripts and palm-leaf collections.",Library,heritage-building
Madras Literary Society,Hubballi,Tamil Nadu,"College Road, DPI Campus, Thousand Lights",600006,13.0682,80.2507,,"Founded in 1817, one of India's oldest literary societies and functioning libraries, housed in a heritage red sandstone building with around 50,000 books.",Library,"heritage-building, membership-required"
InKo Centre,Hubballi,Tamil Nadu,"18, Adyar Club Gate Road, Raja Annamalaipuram",600028,13.0267,80.2485,https://www.inkocentre.org,"A nonprofit cultural centre fostering Indo-Korean artistic exchange through visual and performing arts exhibitions, workshops, and language classes.","Arts, Culture",free-entry
Apparao Galleries,Hubballi,Tamil Nadu,"7, Wallace Gardens 3rd Street, Nungambakkam",600006,13.0611,80.2501,,"One of India's leading contemporary art galleries, founded in 1983, promoting established and emerging artists through exhibitions and public art interventions.",Arts,free-entry
Forum Art Gallery,Hubballi,Tamil Nadu,"57, 5th Street, Padmanabha Nagar, Adyar",600020,13.0051,80.2609,https://www.forumartgallery.com,"Contemporary art gallery founded in 1997, offering exhibitions, art education, and art therapy programmes including outreach to underserved communities.",Arts,free-entry
Focus Art Gallery,Hubballi,Tamil Nadu,"11, Kasturi Estate 2nd Street, Alwarpet",600086,13.0448,80.2558,https://focusartgallery.in,"Contemporary art gallery showcasing original paintings, prints, sculptures, and photographs by senior and emerging Indian and international artists.",Arts,free-entry
Art Houz,Hubballi,Tamil Nadu,"123, Sterling Road, Nungambakkam",600034,13.0653,80.2359,,"A leading South Indian contemporary art gallery spanning 7,200 sq ft, focused on emerging artists with experimental practices.",Arts,free-entry
Gallery Veda,Hubballi,Tamil Nadu,"4/22, Rutland Gate 5th Street, Nungambakkam",600006,13.0594,80.2511,https://www.galleryveda.com,"Contemporary art gallery established in 2012, making art accessible through exhibitions of established and emerging artists.",Arts,free-entry
The Faraway Tree,Hubballi,Tamil Nadu,"Sterling Road 3rd Cross Street, Nungambakkam",600034,13.0649,80.2368,https://thefarawaytree.com,"Boutique gallery dealing in modern and contemporary Indian art, offering paintings, sculptures, and limited edition prints. Open by appointment.",Arts,limited-access
Cholamandal Centre for Contemporary Art,Hubballi,Tamil Nadu,"Cholamandal Artists' Village, East Coast Road, Injambakkam",600115,12.9227,80.2513,https://www.cholamandalartistvillage.com,"Exhibition complex within the historic artists' village, housing the Museum of the Madras Movement, two commercial galleries, and a sculpture park.",Arts,
Backyard,Hubballi,Tamil Nadu,"53/23, 3rd Main Road, Gandhi Nagar, Adyar",600020,13.0084,80.2526,https://www.thebackyardclan.com,"A creative hub and anti-café in Adyar hosting live music, open mics, comedy shows, art workshops, and community gatherings with a pay-per-time model.",Arts,"cafe, coworking"
Medai - The Stage,Hubballi,Tamil Nadu,"3rd Floor, 16, 1st Cross Street, Sri Ram Nagar, Alwarpet",600018,13.033,80.2509,https://medaithestage.com,"A black box theatre dedicated to performing arts, hosting dance, music, theatre, comedy, and workshops with capacity for 200–300 people.",Performing Arts,
Spaces,Hubballi,Tamil Nadu,"1, Elliot's Beach Road, Besant Nagar",600090,12.9994,80.2709,,"An experimental arts foundation set up in 2000 by dancer Chandralekha, artist Dashrath Patel, and writer Sadanand Menon, hosting performances, activism, and Kalarippayattu classes.","Arts, Performing Arts",
Shri Ram Centre for Performing Arts,Hubballi,Delhi,"4, Safdar Hashmi Marg, Mandi House",110001,28.627,77.2329,https://www.srcpa.in,"A premier cultural institution established in 1958, dedicated to promoting theatre, dance, and music, with a 403-seat auditorium and training programs.",Performing Arts,
Karnataka Chitrakala Parishath (CKP),Hubballi,Karnataka,"Art Complex, 1, Kumarakrupa Road, Seshadripuram",560001,12.9893,77.5807,https://chitrakalaparishath.org,"A visual arts complex established in 1960, housing 18 galleries of paintings, sculptures, and folk art, along with a college of fine arts.",Arts,
The HIVE,Hubballi,Gujarat,"11, Ashwamegh Bungalows Part 2, Near Shivranjani, Satellite Road, Jodhpur Village",380015,23.0207,72.5306,https://www.the-hive.in,"A creative community space for learning, expression, and gathering, offering workshops and activities across fine, performing, and visual arts.",Arts,
Bookworm Trust,Hubballi,Goa,"House No. 127, Mala, Fontainhas, Panaji",403001,15.4941,73.8305,https://www.bookwormgoa.in,"A charitable trust promoting literacy through community libraries, school library programs, and mobile outreach across Goa.","Library, Education","children, free-entry"
Third Space,Hubballi,Rajasthan,"Shyam Nagar, Pulla Bhuwana, Udaipur",313001,24.62,73.7208,https://third-space.in,"A community cultural and learning centre by nonprofit Dharohar, with a library, cinema, theatre, science exhibition, makerspaces, cafe, and co-working areas.",Community,free-entry
Jajam,Hubballi,Rajasthan,"6, Panchwati, Road No. 1, Madhuban, Udaipur",313004,24.5962,73.6906,https://www.instagram.com/jajam_udaipur/,"An open, inclusive arts and community space in a converted old house, hosting cultural events, artisan bazaars, live music, and artist talks alongside a cafe.",Arts,cafe
Lagori Collective,Hubballi,Karnataka,"1st Floor, 9/13-1, Lloyd Rd, Cooke Town, Bengaluru",560005,13.0018,77.6229,https://lagoricollective.com,"A social design lab and member-run community space offering co-working, studios, workshops, talks, screenings, and exhibitions.",Arts,coworking
Lamakaan,Hubballi,Telangana,"Off Road No. 1, Banjara Hills, Opposite GVK One, Hyderabad",500034,17.4141,78.4514,https://digital.lamakaan.com,"A free, open, and inclusive cultural space hosting regular theatre, comedy, music, film screenings, art workshops, and community discussions.",Performing Arts,"free-entry, cafe"
Kerala Sahitya Akademi,Hubballi,Kerala,"Palace Road, Chembukkav, Thrissur",680020,10.5296,76.2182,https://keralasahityaakademi.org,"Autonomous body for the promotion and development of Malayalam literature and language, housing a vast library and research centre.",Library,"government, literature"
Kerala Sangeetha Nataka Akademi,Hubballi,Kerala,"Regional Theatre Road, Chembukkav, Thrissur",680020,10.5327,76.2185,https://keralasangeethanatakaakademi.in,"Government academy for the conservation and promotion of Kerala's music, dance, drama, and folk arts through concerts, performances, and training.",Performing Arts,government
8 Point Art Cafe,Hubballi,Kerala,"Asramam Picnic Village Campus, Asramam, Kollam",691002,8.8965,76.5861,http://8pointartcafe.in,"Art gallery and cafe in a restored heritage building by Ashtamudi Lake, hosting exhibitions, cultural events, and a free community book exchange library.",Arts,"cafe, heritage-building"
Makerspace Belgaum,Hubballi,Karnataka,"RPD College Rd, Bhagya Nagar, Vadagoan, Belagavi",590006,15.8342,74.5069,https://makerspacebgm.in,"A community-driven makerspace offering hands-on learning through workshops in electronics, soldering, 3D modeling, coding, and open-source scientific instruments.",Makerspace,stem
Loco Community & Co-working Space,Hubballi,Telangana,"SBH Colony, Tirumalagiri",500015,17.4703,78.5078,,A community-oriented co-working space in Secunderabad offering shared desks and collaborative work environment.,Community,coworking
Kalimpong Science Centre,Hubballi,West Bengal,Deolo,734316,27.0888,88.5026,https://kalimpongsciencecentre.org,"A National Council of Science Museums facility spread over 7 acres, with interactive science galleries, a 3D theatre, and an outdoor park.",Science,"ncsm, government, free-entry"
Theatre Flamingo - TF Actors Lab,Hubballi,Goa,"Mhalwada, Poinguinim",403702,14.9675,74.0866,https://www.facebook.com/theatreflamingo,"A village residency space for experimental theatre and research in performing arts, hosting workshops, shows, and art-integrated teacher training programmes.","Performing Arts, Education","residency, theatre-flamingo"
TF Studios,Hubballi,Goa,"Kadamba Plateau, Above Bagayatdar Bazar, Panelim",403402,15.4893,73.8911,https://www.facebook.com/theatreflamingo,"Theatre Flamingo's studio space in Panaji for theatre rehearsals, workshops, and productions.",Performing Arts,"studios, theatre-flamingo"
Thrissur Public Library,Hubballi,Kerala,"Town Hall Complex, Palace Road, Chembukkavu",680020,10.5297,76.218,https://trichurpubliclibrary.org,"One of Kerala's oldest public libraries, established in 1873, housed in the historic Town Hall and the first fully computerised library in the state.",Library,"heritage-building, free-entry"
Deshpande Startups,Hubballi,Karnataka,"Gokul Road, Gokul",580027,15.3542,75.0788,https://deshpandestartups.org,"A large startup incubation centre, offering co-working spaces, prototyping labs, mentorship, and seed funding on a 6-acre campus to support entrepreneurs in semi-urban India.",Innovation Hub,coworking
